episode,tls_id,decisions,total_reward,mean_reward_per_decision,mean_loss,epsilon,net_arrived,net_mean_wait,wall_time_s
1,3153556582,121,-220.35,-1.8211,0.4426,0.977,,,
1,53141735,121,-178.60,-1.4760,0.4027,0.977,,,
1,53254289,121,-173.55,-1.4343,0.2360,0.977,,,
1,7953710843,121,-28.60,-0.2364,0.0103,0.977,,,
1,cluster_10209828640_53148675,121,-41.63,-0.3440,0.0319,0.977,,,
1,cluster_1804700800_53129739,121,-287.21,-2.3736,0.5972,0.977,,,
1,cluster_3648303878_5019372006_7625804229_7625804230,121,-284.36,-2.3501,0.2894,0.977,,,
1,cluster_4245960164_4245960168_4245960171,121,-49.40,-0.4083,0.0844,0.977,,,
1,cluster_5019371995_53129841,121,-221.40,-1.8298,0.7145,0.977,,,
1,cluster_5019372000_53129844,121,-266.19,-2.1999,0.7854,0.977,,,
1,cluster_5019372003_53129846,121,-168.34,-1.3913,0.5430,0.977,,,
1,joinedS_7013287371_cluster_1804700801_53030309_7625804249_7625804251,121,-442.78,-3.6593,1.1365,0.977,,,
1,__network__,121,-2362.41,-19.5240,,0.977,1193,22084.90,38.8
2,3153556582,121,-221.95,-1.8343,0.2439,0.955,,,
2,53141735,121,-233.53,-1.9300,0.2543,0.955,,,
2,53254289,121,-223.80,-1.8496,0.2196,0.955,,,
2,7953710843,121,-28.60,-0.2364,0.0078,0.955,,,
2,cluster_10209828640_53148675,121,-83.48,-0.6899,0.0168,0.955,,,
2,cluster_1804700800_53129739,121,-299.08,-2.4717,0.1049,0.955,,,
2,cluster_3648303878_5019372006_7625804229_7625804230,121,-202.15,-1.6707,0.0822,0.955,,,
2,cluster_4245960164_4245960168_4245960171,121,-50.00,-0.4132,0.0740,0.955,,,
2,cluster_5019371995_53129841,121,-251.08,-2.0751,0.2261,0.955,,,
2,cluster_5019372000_53129844,121,-113.13,-0.9349,0.2082,0.955,,,
2,cluster_5019372003_53129846,121,-183.03,-1.5126,0.0927,0.955,,,
2,joinedS_7013287371_cluster_1804700801_53030309_7625804249_7625804251,121,-441.07,-3.6452,0.5686,0.955,,,
2,__network__,121,-2330.90,-19.2636,,0.955,1202,20483.55,42.1
3,3153556582,121,-179.87,-1.4866,0.1504,0.932,,,
3,53141735,121,-339.43,-2.8052,0.2640,0.932,,,
3,53254289,121,-119.75,-0.9897,0.1812,0.932,,,
3,7953710843,121,-25.00,-0.2066,0.0069,0.932,,,
3,cluster_10209828640_53148675,121,-87.85,-0.7260,0.0179,0.932,,,
3,cluster_1804700800_53129739,121,-274.72,-2.2704,0.0675,0.932,,,
3,cluster_3648303878_5019372006_7625804229_7625804230,121,-236.67,-1.9560,0.0848,0.932,,,
3,cluster_4245960164_4245960168_4245960171,121,-83.40,-0.6893,0.0843,0.932,,,
3,cluster_5019371995_53129841,121,-157.03,-1.2978,0.1934,0.932,,,
3,cluster_5019372000_53129844,121,-161.70,-1.3364,0.1555,0.932,,,
3,cluster_5019372003_53129846,121,-211.90,-1.7512,0.0644,0.932,,,
3,joinedS_7013287371_cluster_1804700801_53030309_7625804249_7625804251,121,-458.35,-3.7880,0.3245,0.932,,,
3,__network__,121,-2335.69,-19.3032,,0.932,1260,23754.38,41.3
4,3153556582,121,-242.22,-2.0019,0.1225,0.909,,,
4,53141735,121,-327.43,-2.7061,0.2453,0.909,,,
4,53254289,121,-78.20,-0.6463,0.1211,0.909,,,
4,7953710843,121,-25.70,-0.2124,0.0069,0.909,,,
4,cluster_10209828640_53148675,121,-72.80,-0.6017,0.0200,0.909,,,
4,cluster_1804700800_53129739,121,-264.19,-2.1834,0.0603,0.909,,,
4,cluster_3648303878_5019372006_7625804229_7625804230,121,-159.72,-1.3200,0.0567,0.909,,,
4,cluster_4245960164_4245960168_4245960171,121,-22.80,-0.1884,0.0916,0.909,,,
4,cluster_5019371995_53129841,121,-230.60,-1.9058,0.1554,0.909,,,
4,cluster_5019372000_53129844,121,-154.03,-1.2730,0.1734,0.909,,,
4,cluster_5019372003_53129846,121,-180.33,-1.4903,0.0476,0.909,,,
4,joinedS_7013287371_cluster_1804700801_53030309_7625804249_7625804251,121,-441.74,-3.6507,0.2809,0.909,,,
4,__network__,121,-2199.77,-18.1799,,0.909,1393,14075.90,41.4
5,3153556582,121,-249.70,-2.0636,0.2148,0.886,,,
5,53141735,121,-228.97,-1.8923,0.3793,0.886,,,
5,53254289,121,-86.30,-0.7132,0.1570,0.886,,,
5,7953710843,121,-28.20,-0.2331,0.0091,0.886,,,
5,cluster_10209828640_53148675,121,-38.10,-0.3149,0.0275,0.886,,,
5,cluster_1804700800_53129739,121,-283.32,-2.3415,0.1585,0.886,,,
5,cluster_3648303878_5019372006_7625804229_7625804230,121,-193.49,-1.5991,0.1239,0.886,,,
5,cluster_4245960164_4245960168_4245960171,121,-57.60,-0.4760,0.1068,0.886,,,
5,cluster_5019371995_53129841,121,-141.07,-1.1658,0.2156,0.886,,,
5,cluster_5019372000_53129844,121,-145.34,-1.2012,0.1306,0.886,,,
5,cluster_5019372003_53129846,121,-238.16,-1.9682,0.0872,0.886,,,
5,joinedS_7013287371_cluster_1804700801_53030309_7625804249_7625804251,121,-438.40,-3.6231,0.4096,0.886,,,
5,__network__,121,-2128.64,-17.5921,,0.886,1176,24808.80,41.2
6,3153556582,121,-190.55,-1.5748,0.2013,0.863,,,
6,53141735,121,-193.57,-1.5997,0.3631,0.863,,,
6,53254289,121,-61.75,-0.5103,0.1552,0.863,,,
6,7953710843,121,-22.90,-0.1893,0.0111,0.863,,,
6,cluster_10209828640_53148675,121,-113.37,-0.9370,0.0351,0.863,,,
6,cluster_1804700800_53129739,121,-236.84,-1.9574,0.0846,0.863,,,
6,cluster_3648303878_5019372006_7625804229_7625804230,121,-188.36,-1.5567,0.1289,0.863,,,
6,cluster_4245960164_4245960168_4245960171,121,-57.40,-0.4744,0.1248,0.863,,,
6,cluster_5019371995_53129841,121,-237.20,-1.9603,0.1896,0.863,,,
6,cluster_5019372000_53129844,121,-199.57,-1.6494,0.1039,0.863,,,
6,cluster_5019372003_53129846,121,-157.76,-1.3038,0.0786,0.863,,,
6,joinedS_7013287371_cluster_1804700801_53030309_7625804249_7625804251,121,-440.77,-3.6427,0.1993,0.863,,,
6,__network__,121,-2100.05,-17.3558,,0.863,1477,14811.92,40.7
7,3153556582,121,-145.70,-1.2041,0.1905,0.841,,,
7,53141735,121,-343.07,-2.8353,0.3382,0.841,,,
7,53254289,121,-88.30,-0.7298,0.1213,0.841,,,
7,7953710843,121,-29.80,-0.2463,0.0109,0.841,,,
7,cluster_10209828640_53148675,121,-73.75,-0.6095,0.0323,0.841,,,
7,cluster_1804700800_53129739,121,-311.87,-2.5774,0.0713,0.841,,,
7,cluster_3648303878_5019372006_7625804229_7625804230,121,-271.09,-2.2404,0.1216,0.841,,,
7,cluster_4245960164_4245960168_4245960171,121,-18.20,-0.1504,0.1098,0.841,,,
7,cluster_5019371995_53129841,121,-106.92,-0.8836,0.1965,0.841,,,
7,cluster_5019372000_53129844,121,-154.83,-1.2796,0.1194,0.841,,,
7,cluster_5019372003_53129846,121,-133.56,-1.1038,0.0594,0.841,,,
7,joinedS_7013287371_cluster_1804700801_53030309_7625804249_7625804251,121,-637.88,-5.2717,0.2335,0.841,,,
7,__network__,121,-2314.95,-19.1318,,0.841,877,72506.33,41.5
8,3153556582,121,-155.52,-1.2853,0.1990,0.818,,,
8,53141735,121,-142.57,-1.1782,0.3144,0.818,,,
8,53254289,121,-64.00,-0.5289,0.1134,0.818,,,
8,7953710843,121,-25.50,-0.2107,0.0110,0.818,,,
8,cluster_10209828640_53148675,121,-95.45,-0.7888,0.0332,0.818,,,
8,cluster_1804700800_53129739,121,-231.80,-1.9157,0.0689,0.818,,,
8,cluster_3648303878_5019372006_7625804229_7625804230,121,-164.09,-1.3561,0.1256,0.818,,,
8,cluster_4245960164_4245960168_4245960171,121,-37.40,-0.3091,0.1055,0.818,,,
8,cluster_5019371995_53129841,121,-270.45,-2.2351,0.1937,0.818,,,
8,cluster_5019372000_53129844,121,-168.47,-1.3923,0.1318,0.818,,,
8,cluster_5019372003_53129846,121,-197.07,-1.6287,0.0537,0.818,,,
8,joinedS_7013287371_cluster_1804700801_53030309_7625804249_7625804251,121,-400.20,-3.3074,0.6905,0.818,,,
8,__network__,121,-1952.52,-16.1365,,0.818,1535,10812.56,40.7
9,3153556582,121,-178.25,-1.4731,0.2021,0.795,,,
9,53141735,121,-178.20,-1.4727,0.4050,0.795,,,
9,53254289,121,-73.50,-0.6074,0.1346,0.795,,,
9,7953710843,121,-21.10,-0.1744,0.0118,0.795,,,
9,cluster_10209828640_53148675,121,-58.30,-0.4818,0.0450,0.795,,,
9,cluster_1804700800_53129739,121,-265.13,-2.1912,0.1361,0.795,,,
9,cluster_3648303878_5019372006_7625804229_7625804230,121,-199.50,-1.6488,0.1669,0.795,,,
9,cluster_4245960164_4245960168_4245960171,121,-63.20,-0.5223,0.1153,0.795,,,
9,cluster_5019371995_53129841,121,-226.75,-1.8740,0.2300,0.795,,,
9,cluster_5019372000_53129844,121,-105.01,-0.8679,0.1258,0.795,,,
9,cluster_5019372003_53129846,121,-165.94,-1.3714,0.0838,0.795,,,
9,joinedS_7013287371_cluster_1804700801_53030309_7625804249_7625804251,121,-400.76,-3.3120,0.6236,0.795,,,
9,__network__,121,-1935.65,-15.9971,,0.795,1375,15021.04,41.0
10,3153556582,121,-99.47,-0.8221,0.2446,0.772,,,
10,53141735,121,-335.83,-2.7755,0.5038,0.772,,,
10,53254289,121,-60.55,-0.5004,0.1548,0.772,,,
10,7953710843,121,-24.50,-0.2025,0.0155,0.772,,,
10,cluster_10209828640_53148675,121,-67.78,-0.5601,0.0584,0.772,,,
10,cluster_1804700800_53129739,121,-328.43,-2.7143,0.1321,0.772,,,
10,cluster_3648303878_5019372006_7625804229_7625804230,121,-191.00,-1.5785,0.2046,0.772,,,
10,cluster_4245960164_4245960168_4245960171,121,-25.80,-0.2132,0.1408,0.772,,,
10,cluster_5019371995_53129841,121,-137.50,-1.1364,0.2412,0.772,,,
10,cluster_5019372000_53129844,121,-141.34,-1.1681,0.1304,0.772,,,
10,cluster_5019372003_53129846,121,-173.61,-1.4348,0.0886,0.772,,,
10,joinedS_7013287371_cluster_1804700801_53030309_7625804249_7625804251,121,-746.59,-6.1702,0.4911,0.772,,,
10,__network__,121,-2332.41,-19.2762,,0.772,811,91834.21,41.8
11,3153556582,121,-169.35,-1.3996,0.2169,0.749,,,
11,53141735,121,-287.00,-2.3719,0.4383,0.749,,,
11,53254289,121,-77.45,-0.6401,0.1340,0.749,,,
11,7953710843,121,-25.20,-0.2083,0.0150,0.749,,,
11,cluster_10209828640_53148675,121,-108.30,-0.8950,0.0580,0.749,,,
11,cluster_1804700800_53129739,121,-256.83,-2.1226,0.1388,0.749,,,
11,cluster_3648303878_5019372006_7625804229_7625804230,121,-173.17,-1.4312,0.1747,0.749,,,
11,cluster_4245960164_4245960168_4245960171,121,-29.40,-0.2430,0.1366,0.749,,,
11,cluster_5019371995_53129841,121,-194.62,-1.6084,0.2180,0.749,,,
11,cluster_5019372000_53129844,121,-121.07,-1.0006,0.1049,0.749,,,
11,cluster_5019372003_53129846,121,-154.39,-1.2759,0.0744,0.749,,,
11,joinedS_7013287371_cluster_1804700801_53030309_7625804249_7625804251,121,-476.77,-3.9402,0.5850,0.749,,,
11,__network__,121,-2073.55,-17.1368,,0.749,1325,21454.06,40.7
12,3153556582,121,-152.57,-1.2610,0.2299,0.726,,,
12,53141735,121,-346.03,-2.8598,0.4221,0.726,,,
12,53254289,121,-69.50,-0.5744,0.1255,0.726,,,
12,7953710843,121,-23.60,-0.1950,0.0148,0.726,,,
12,cluster_10209828640_53148675,121,-162.80,-1.3455,0.0640,0.726,,,
12,cluster_1804700800_53129739,121,-202.46,-1.6732,0.1120,0.726,,,
12,cluster_3648303878_5019372006_7625804229_7625804230,121,-208.84,-1.7259,0.1677,0.726,,,
12,cluster_4245960164_4245960168_4245960171,121,-35.60,-0.2942,0.1398,0.726,,,
12,cluster_5019371995_53129841,121,-129.15,-1.0674,0.2073,0.726,,,
12,cluster_5019372000_53129844,121,-126.01,-1.0414,0.1037,0.726,,,
12,cluster_5019372003_53129846,121,-183.79,-1.5189,0.0746,0.726,,,
12,joinedS_7013287371_cluster_1804700801_53030309_7625804249_7625804251,121,-378.64,-3.1293,0.6214,0.726,,,
12,__network__,121,-2018.99,-16.6859,,0.726,1423,23260.81,41.1
13,3153556582,121,-149.25,-1.2335,0.2186,0.704,,,
13,53141735,121,-236.23,-1.9523,0.4629,0.704,,,
13,53254289,121,-62.30,-0.5149,0.1290,0.704,,,
13,7953710843,121,-23.50,-0.1942,0.0155,0.704,,,
13,cluster_10209828640_53148675,121,-153.60,-1.2694,0.0770,0.704,,,
13,cluster_1804700800_53129739,121,-205.23,-1.6961,0.1494,0.704,,,
13,cluster_3648303878_5019372006_7625804229_7625804230,121,-241.50,-1.9959,0.1796,0.704,,,
13,cluster_4245960164_4245960168_4245960171,121,-20.60,-0.1702,0.1357,0.704,,,
13,cluster_5019371995_53129841,121,-125.67,-1.0386,0.2138,0.704,,,
13,cluster_5019372000_53129844,121,-117.11,-0.9679,0.1058,0.704,,,
13,cluster_5019372003_53129846,121,-212.26,-1.7542,0.0890,0.704,,,
13,joinedS_7013287371_cluster_1804700801_53030309_7625804249_7625804251,121,-392.49,-3.2437,0.6035,0.704,,,
13,__network__,121,-1939.75,-16.0310,,0.704,1356,25076.40,41.0
14,3153556582,121,-154.52,-1.2771,0.2330,0.681,,,
14,53141735,121,-285.27,-2.3576,0.6125,0.681,,,
14,53254289,121,-71.45,-0.5905,0.1713,0.681,,,
14,7953710843,121,-21.40,-0.1769,0.0179,0.681,,,
14,cluster_10209828640_53148675,121,-204.87,-1.6932,0.1148,0.681,,,
14,cluster_1804700800_53129739,121,-199.32,-1.6473,0.1958,0.681,,,
14,cluster_3648303878_5019372006_7625804229_7625804230,121,-236.30,-1.9529,0.2898,0.681,,,
14,cluster_4245960164_4245960168_4245960171,121,-50.40,-0.4165,0.1592,0.681,,,
14,cluster_5019371995_53129841,121,-150.97,-1.2477,0.2644,0.681,,,
14,cluster_5019372000_53129844,121,-98.34,-0.8128,0.1316,0.681,,,
14,cluster_5019372003_53129846,121,-203.40,-1.6810,0.1157,0.681,,,
14,joinedS_7013287371_cluster_1804700801_53030309_7625804249_7625804251,121,-302.57,-2.5006,0.5353,0.681,,,
14,__network__,121,-1978.82,-16.3538,,0.681,1449,19790.78,40.4
15,3153556582,121,-128.22,-1.0597,0.2260,0.658,,,
15,53141735,121,-218.00,-1.8017,0.5107,0.658,,,
15,53254289,121,-54.20,-0.4479,0.1445,0.658,,,
15,7953710843,121,-19.20,-0.1587,0.0177,0.658,,,
15,cluster_10209828640_53148675,121,-133.42,-1.1027,0.1302,0.658,,,
15,cluster_1804700800_53129739,121,-166.56,-1.3765,0.1863,0.658,,,
15,cluster_3648303878_5019372006_7625804229_7625804230,121,-183.10,-1.5132,0.2622,0.658,,,
15,cluster_4245960164_4245960168_4245960171,121,-21.20,-0.1752,0.1658,0.658,,,
15,cluster_5019371995_53129841,121,-131.97,-1.0906,0.2272,0.658,,,
15,cluster_5019372000_53129844,121,-119.54,-0.9880,0.1118,0.658,,,
15,cluster_5019372003_53129846,121,-155.46,-1.2848,0.1052,0.658,,,
15,joinedS_7013287371_cluster_1804700801_53030309_7625804249_7625804251,121,-391.26,-3.2336,0.4272,0.658,,,
15,__network__,121,-1722.13,-14.2325,,0.658,1530,14250.41,40.4
16,3153556582,121,-140.22,-1.1589,0.2197,0.635,,,
16,53141735,121,-218.23,-1.8036,0.5197,0.635,,,
16,53254289,121,-47.10,-0.3893,0.1463,0.635,,,
16,7953710843,121,-22.40,-0.1851,0.0165,0.635,,,
16,cluster_10209828640_53148675,121,-87.88,-0.7262,0.1244,0.635,,,
16,cluster_1804700800_53129739,121,-176.27,-1.4567,0.1727,0.635,,,
16,cluster_3648303878_5019372006_7625804229_7625804230,121,-171.80,-1.4198,0.2425,0.635,,,
16,cluster_4245960164_4245960168_4245960171,121,-17.60,-0.1455,0.1574,0.635,,,
16,cluster_5019371995_53129841,121,-156.47,-1.2931,0.2147,0.635,,,
16,cluster_5019372000_53129844,121,-80.66,-0.6666,0.1053,0.635,,,
16,cluster_5019372003_53129846,121,-144.86,-1.1972,0.0969,0.635,,,
16,joinedS_7013287371_cluster_1804700801_53030309_7625804249_7625804251,121,-436.85,-3.6103,0.4661,0.635,,,
16,__network__,121,-1700.33,-14.0523,,0.635,1649,8725.57,40.3
17,3153556582,121,-146.37,-1.2097,0.2126,0.612,,,
17,53141735,121,-268.37,-2.2179,0.5102,0.612,,,
17,53254289,121,-51.35,-0.4244,0.1361,0.612,,,
17,7953710843,121,-19.60,-0.1620,0.0173,0.612,,,
17,cluster_10209828640_53148675,121,-150.85,-1.2467,0.1238,0.612,,,
17,cluster_1804700800_53129739,121,-169.53,-1.4011,0.1733,0.612,,,
17,cluster_3648303878_5019372006_7625804229_7625804230,121,-220.40,-1.8215,0.2308,0.612,,,
17,cluster_4245960164_4245960168_4245960171,121,-29.00,-0.2397,0.1522,0.612,,,
17,cluster_5019371995_53129841,121,-139.97,-1.1567,0.2199,0.612,,,
17,cluster_5019372000_53129844,121,-99.01,-0.8183,0.1135,0.612,,,
17,cluster_5019372003_53129846,121,-196.27,-1.6221,0.0969,0.612,,,
17,joinedS_7013287371_cluster_1804700801_53030309_7625804249_7625804251,121,-382.10,-3.1579,0.4421,0.612,,,
17,__network__,121,-1872.83,-15.4779,,0.612,1472,20913.45,40.8
18,3153556582,121,-108.20,-0.8942,0.2479,0.590,,,
18,53141735,121,-144.17,-1.1915,0.7598,0.590,,,
18,53254289,121,-57.95,-0.4789,0.1651,0.590,,,
18,7953710843,121,-20.60,-0.1702,0.0157,0.590,,,
18,cluster_10209828640_53148675,121,-96.33,-0.7961,0.1613,0.590,,,
18,cluster_1804700800_53129739,121,-198.37,-1.6394,0.2818,0.590,,,
18,cluster_3648303878_5019372006_7625804229_7625804230,121,-229.67,-1.8981,0.3596,0.590,,,
18,cluster_4245960164_4245960168_4245960171,121,-48.80,-0.4033,0.1806,0.590,,,
18,cluster_5019371995_53129841,121,-141.38,-1.1685,0.2572,0.590,,,
18,cluster_5019372000_53129844,121,-86.33,-0.7135,0.1463,0.590,,,
18,cluster_5019372003_53129846,121,-104.63,-0.8647,0.1491,0.590,,,
18,joinedS_7013287371_cluster_1804700801_53030309_7625804249_7625804251,121,-383.50,-3.1694,0.5916,0.590,,,
18,__network__,121,-1619.92,-13.3878,,0.590,1777,8321.52,40.1
19,3153556582,121,-99.10,-0.8190,0.2426,0.567,,,
19,53141735,121,-191.70,-1.5843,0.6870,0.567,,,
19,53254289,121,-74.35,-0.6145,0.1746,0.567,,,
19,7953710843,121,-22.00,-0.1818,0.0157,0.567,,,
19,cluster_10209828640_53148675,121,-141.02,-1.1655,0.1439,0.567,,,
19,cluster_1804700800_53129739,121,-174.36,-1.4410,0.2046,0.567,,,
19,cluster_3648303878_5019372006_7625804229_7625804230,121,-190.20,-1.5719,0.3371,0.567,,,
19,cluster_4245960164_4245960168_4245960171,121,-41.20,-0.3405,0.1754,0.567,,,
19,cluster_5019371995_53129841,121,-121.52,-1.0043,0.2341,0.567,,,
19,cluster_5019372000_53129844,121,-109.54,-0.9053,0.1230,0.567,,,
19,cluster_5019372003_53129846,121,-229.46,-1.8963,0.1404,0.567,,,
19,joinedS_7013287371_cluster_1804700801_53030309_7625804249_7625804251,121,-393.40,-3.2513,0.4712,0.567,,,
19,__network__,121,-1787.85,-14.7756,,0.567,1478,21211.02,40.9
20,3153556582,121,-150.75,-1.2459,0.2305,0.544,,,
20,53141735,121,-243.90,-2.0157,0.6463,0.544,,,
20,53254289,121,-61.45,-0.5079,0.1572,0.544,,,
20,7953710843,121,-23.90,-0.1975,0.0151,0.544,,,
20,cluster_10209828640_53148675,121,-148.85,-1.2302,0.1495,0.544,,,
20,cluster_1804700800_53129739,121,-162.39,-1.3421,0.2040,0.544,,,
20,cluster_3648303878_5019372006_7625804229_7625804230,121,-183.31,-1.5150,0.2917,0.544,,,
20,cluster_4245960164_4245960168_4245960171,121,-38.00,-0.3140,0.1704,0.544,,,
20,cluster_5019371995_53129841,121,-136.37,-1.1270,0.2395,0.544,,,
20,cluster_5019372000_53129844,121,-89.94,-0.7433,0.1279,0.544,,,
20,cluster_5019372003_53129846,121,-225.09,-1.8602,0.1616,0.544,,,
20,joinedS_7013287371_cluster_1804700801_53030309_7625804249_7625804251,121,-354.17,-2.9270,0.4778,0.544,,,
20,__network__,121,-1818.11,-15.0257,,0.544,1461,22388.23,40.8
21,3153556582,121,-151.85,-1.2550,0.2311,0.521,,,
21,53141735,121,-164.63,-1.3606,0.6172,0.521,,,
21,53254289,121,-141.55,-1.1698,0.1497,0.521,,,
21,7953710843,121,-78.40,-0.6479,0.0196,0.521,,,
21,cluster_10209828640_53148675,121,-129.57,-1.0709,0.1456,0.521,,,
21,cluster_1804700800_53129739,121,-167.03,-1.3804,0.1945,0.521,,,
21,cluster_3648303878_5019372006_7625804229_7625804230,121,-610.56,-5.0460,0.3869,0.521,,,
21,cluster_4245960164_4245960168_4245960171,121,-85.80,-0.7091,0.1747,0.521,,,
21,cluster_5019371995_53129841,121,-224.92,-1.8588,0.2377,0.521,,,
21,cluster_5019372000_53129844,121,-83.70,-0.6917,0.1254,0.521,,,
21,cluster_5019372003_53129846,121,-215.34,-1.7797,0.1455,0.521,,,
21,joinedS_7013287371_cluster_1804700801_53030309_7625804249_7625804251,121,-342.41,-2.8299,0.4337,0.521,,,
21,__network__,121,-2395.78,-19.7998,,0.521,1238,44999.46,41.5
22,3153556582,121,-123.12,-1.0176,0.2605,0.498,,,
22,53141735,121,-288.53,-2.3846,0.8419,0.498,,,
22,53254289,121,-59.70,-0.4934,0.2217,0.498,,,
22,7953710843,121,-22.20,-0.1835,0.0582,0.498,,,
22,cluster_10209828640_53148675,121,-177.55,-1.4674,0.2000,0.498,,,
22,cluster_1804700800_53129739,121,-143.24,-1.1838,0.3146,0.498,,,
22,cluster_3648303878_5019372006_7625804229_7625804230,121,-225.22,-1.8614,0.5619,0.498,,,
22,cluster_4245960164_4245960168_4245960171,121,-28.80,-0.2380,0.1979,0.498,,,
22,cluster_5019371995_53129841,121,-103.73,-0.8573,0.3687,0.498,,,
22,cluster_5019372000_53129844,121,-93.76,-0.7749,0.1387,0.498,,,
22,cluster_5019372003_53129846,121,-224.21,-1.8530,0.2136,0.498,,,
22,joinedS_7013287371_cluster_1804700801_53030309_7625804249_7625804251,121,-387.53,-3.2028,0.6845,0.498,,,
22,__network__,121,-1877.62,-15.5175,,0.498,1470,21745.26,41.0
23,3153556582,121,-166.85,-1.3789,0.2520,0.476,,,
23,53141735,121,-193.83,-1.6019,0.6986,0.476,,,
23,53254289,121,-53.35,-0.4409,0.2071,0.476,,,
23,7953710843,121,-23.70,-0.1959,0.0609,0.476,,,
23,cluster_10209828640_53148675,121,-96.10,-0.7942,0.2152,0.476,,,
23,cluster_1804700800_53129739,121,-167.21,-1.3819,0.2662,0.476,,,
23,cluster_3648303878_5019372006_7625804229_7625804230,121,-199.04,-1.6449,0.4528,0.476,,,
23,cluster_4245960164_4245960168_4245960171,121,-35.60,-0.2942,0.1960,0.476,,,
23,cluster_5019371995_53129841,121,-130.23,-1.0763,0.3380,0.476,,,
23,cluster_5019372000_53129844,121,-116.80,-0.9653,0.1388,0.476,,,
23,cluster_5019372003_53129846,121,-192.70,-1.5926,0.1815,0.476,,,
23,joinedS_7013287371_cluster_1804700801_53030309_7625804249_7625804251,121,-320.20,-2.6463,0.5651,0.476,,,
23,__network__,121,-1695.62,-14.0133,,0.476,1530,20792.76,40.8
24,3153556582,121,-129.97,-1.0742,0.2481,0.453,,,
24,53141735,121,-245.30,-2.0273,0.7235,0.453,,,
24,53254289,121,-56.10,-0.4636,0.1943,0.453,,,
24,7953710843,121,-20.90,-0.1727,0.0657,0.453,,,
24,cluster_10209828640_53148675,121,-132.35,-1.0938,0.2008,0.453,,,
24,cluster_1804700800_53129739,121,-146.68,-1.2122,0.2497,0.453,,,
24,cluster_3648303878_5019372006_7625804229_7625804230,121,-210.75,-1.7417,0.4914,0.453,,,
24,cluster_4245960164_4245960168_4245960171,121,-20.60,-0.1702,0.1991,0.453,,,
24,cluster_5019371995_53129841,121,-93.55,-0.7731,0.3152,0.453,,,
24,cluster_5019372000_53129844,121,-108.99,-0.9007,0.1516,0.453,,,
24,cluster_5019372003_53129846,121,-213.37,-1.7634,0.1814,0.453,,,
24,joinedS_7013287371_cluster_1804700801_53030309_7625804249_7625804251,121,-340.49,-2.8139,0.4992,0.453,,,
24,__network__,121,-1719.05,-14.2070,,0.453,1507,20822.93,40.8
25,3153556582,121,-127.55,-1.0541,0.2469,0.430,,,
25,53141735,121,-268.93,-2.2226,0.7685,0.430,,,
25,53254289,121,-62.45,-0.5161,0.1857,0.430,,,
25,7953710843,121,-17.90,-0.1479,0.0491,0.430,,,
25,cluster_10209828640_53148675,121,-111.97,-0.9254,0.2043,0.430,,,
25,cluster_1804700800_53129739,121,-158.04,-1.3062,0.2266,0.430,,,
25,cluster_3648303878_5019372006_7625804229_7625804230,121,-195.60,-1.6165,0.4578,0.430,,,
25,cluster_4245960164_4245960168_4245960171,121,-20.60,-0.1702,0.2021,0.430,,,
25,cluster_5019371995_53129841,121,-89.55,-0.7401,0.3088,0.430,,,
25,cluster_5019372000_53129844,121,-90.07,-0.7444,0.1399,0.430,,,
25,cluster_5019372003_53129846,121,-194.17,-1.6047,0.1943,0.430,,,
25,joinedS_7013287371_cluster_1804700801_53030309_7625804249_7625804251,121,-318.18,-2.6296,0.4805,0.430,,,
25,__network__,121,-1655.03,-13.6779,,0.430,1555,20837.57,40.6
26,3153556582,121,-134.80,-1.1140,0.2687,0.407,,,
26,53141735,121,-215.10,-1.7777,0.9426,0.407,,,
26,53254289,121,-49.30,-0.4074,0.2114,0.407,,,
26,7953710843,121,-20.00,-0.1653,0.0282,0.407,,,
26,cluster_10209828640_53148675,121,-30.35,-0.2508,0.2532,0.407,,,
26,cluster_1804700800_53129739,121,-169.11,-1.3976,0.2792,0.407,,,
26,cluster_3648303878_5019372006_7625804229_7625804230,121,-196.25,-1.6219,0.5043,0.407,,,
26,cluster_4245960164_4245960168_4245960171,121,-30.60,-0.2529,0.2105,0.407,,,
26,cluster_5019371995_53129841,121,-92.53,-0.7647,0.2958,0.407,,,
26,cluster_5019372000_53129844,121,-86.74,-0.7169,0.1554,0.407,,,
26,cluster_5019372003_53129846,121,-148.93,-1.2308,0.2449,0.407,,,
26,joinedS_7013287371_cluster_1804700801_53030309_7625804249_7625804251,121,-399.65,-3.3029,0.7090,0.407,,,
26,__network__,121,-1573.36,-13.0030,,0.407,1454,20232.25,40.9
27,3153556582,121,-124.97,-1.0329,0.2621,0.384,,,
27,53141735,121,-209.97,-1.7353,0.8751,0.384,,,
27,53254289,121,-53.60,-0.4430,0.2161,0.384,,,
27,7953710843,121,-19.50,-0.1612,0.0190,0.384,,,
27,cluster_10209828640_53148675,121,-31.53,-0.2605,0.2374,0.384,,,
27,cluster_1804700800_53129739,121,-154.84,-1.2797,0.3050,0.384,,,
27,cluster_3648303878_5019372006_7625804229_7625804230,121,-171.57,-1.4180,0.5110,0.384,,,
27,cluster_4245960164_4245960168_4245960171,121,-27.80,-0.2298,0.2085,0.384,,,
27,cluster_5019371995_53129841,121,-98.58,-0.8147,0.2947,0.384,,,
27,cluster_5019372000_53129844,121,-108.53,-0.8969,0.1428,0.384,,,
27,cluster_5019372003_53129846,121,-218.41,-1.8051,0.2364,0.384,,,
27,joinedS_7013287371_cluster_1804700801_53030309_7625804249_7625804251,121,-340.60,-2.8149,0.6814,0.384,,,
27,__network__,121,-1559.91,-12.8918,,0.384,1574,20163.37,40.4
28,3153556582,121,-145.35,-1.2012,0.2638,0.362,,,
28,53141735,121,-239.43,-1.9788,0.8524,0.362,,,
28,53254289,121,-42.20,-0.3488,0.2372,0.362,,,
28,7953710843,121,-20.90,-0.1727,0.0190,0.362,,,
28,cluster_10209828640_53148675,121,-29.48,-0.2436,0.2537,0.362,,,
28,cluster_1804700800_53129739,121,-189.96,-1.5699,0.2665,0.362,,,
28,cluster_3648303878_5019372006_7625804229_7625804230,121,-178.51,-1.4753,0.5064,0.362,,,
28,cluster_4245960164_4245960168_4245960171,121,-24.80,-0.2050,0.2116,0.362,,,
28,cluster_5019371995_53129841,121,-104.95,-0.8674,0.2694,0.362,,,
28,cluster_5019372000_53129844,121,-106.33,-0.8787,0.1513,0.362,,,
28,cluster_5019372003_53129846,121,-172.94,-1.4293,0.2339,0.362,,,
28,joinedS_7013287371_cluster_1804700801_53030309_7625804249_7625804251,121,-298.26,-2.4649,0.6078,0.362,,,
28,__network__,121,-1553.10,-12.8356,,0.362,1531,16849.81,40.6
29,3153556582,121,-123.65,-1.0219,0.2509,0.339,,,
29,53141735,121,-255.03,-2.1077,0.8208,0.339,,,
29,53254289,121,-46.05,-0.3806,0.2008,0.339,,,
29,7953710843,121,-20.60,-0.1702,0.0193,0.339,,,
29,cluster_10209828640_53148675,121,-52.85,-0.4368,0.2298,0.339,,,
29,cluster_1804700800_53129739,121,-165.06,-1.3641,0.2935,0.339,,,
29,cluster_3648303878_5019372006_7625804229_7625804230,121,-249.30,-2.0603,0.4658,0.339,,,
29,cluster_4245960164_4245960168_4245960171,121,-26.00,-0.2149,0.2057,0.339,,,
29,cluster_5019371995_53129841,121,-103.58,-0.8561,0.2929,0.339,,,
29,cluster_5019372000_53129844,121,-77.36,-0.6393,0.1595,0.339,,,
29,cluster_5019372003_53129846,121,-234.23,-1.9358,0.2098,0.339,,,
29,joinedS_7013287371_cluster_1804700801_53030309_7625804249_7625804251,121,-301.13,-2.4887,0.5726,0.339,,,
29,__network__,121,-1654.84,-13.6763,,0.339,1554,21969.46,40.4
30,3153556582,121,-117.07,-0.9676,0.2791,0.316,,,
30,53141735,121,-191.90,-1.5860,0.9177,0.316,,,
30,53254289,121,-43.00,-0.3554,0.2405,0.316,,,
30,7953710843,121,-17.90,-0.1479,0.0210,0.316,,,
30,cluster_10209828640_53148675,121,-90.47,-0.7477,0.2616,0.316,,,
30,cluster_1804700800_53129739,121,-142.60,-1.1785,0.3081,0.316,,,
30,cluster_3648303878_5019372006_7625804229_7625804230,121,-220.71,-1.8241,0.5559,0.316,,,
30,cluster_4245960164_4245960168_4245960171,121,-41.60,-0.3438,0.2252,0.316,,,
30,cluster_5019371995_53129841,121,-106.40,-0.8793,0.2729,0.316,,,
30,cluster_5019372000_53129844,121,-88.83,-0.7341,0.1551,0.316,,,
30,cluster_5019372003_53129846,121,-186.99,-1.5453,0.2529,0.316,,,
30,joinedS_7013287371_cluster_1804700801_53030309_7625804249_7625804251,121,-291.49,-2.4090,0.7310,0.316,,,
30,__network__,121,-1538.96,-12.7187,,0.316,1643,19686.41,40.6
31,3153556582,121,-103.55,-0.8558,0.2835,0.293,,,
31,53141735,121,-69.77,-0.5766,0.9922,0.293,,,
31,53254289,121,-64.75,-0.5351,0.2357,0.293,,,
31,7953710843,121,-20.70,-0.1711,0.0207,0.293,,,
31,cluster_10209828640_53148675,121,-38.53,-0.3184,0.2576,0.293,,,
31,cluster_1804700800_53129739,121,-187.22,-1.5473,0.2769,0.293,,,
31,cluster_3648303878_5019372006_7625804229_7625804230,121,-241.06,-1.9923,0.5402,0.293,,,
31,cluster_4245960164_4245960168_4245960171,121,-60.20,-0.4975,0.2460,0.293,,,
31,cluster_5019371995_53129841,121,-111.65,-0.9227,0.2564,0.293,,,
31,cluster_5019372000_53129844,121,-94.99,-0.7850,0.1537,0.293,,,
31,cluster_5019372003_53129846,121,-113.20,-0.9355,0.2576,0.293,,,
31,joinedS_7013287371_cluster_1804700801_53030309_7625804249_7625804251,121,-490.37,-4.0526,0.6703,0.293,,,
31,__network__,121,-1595.98,-13.1899,,0.293,1618,15628.54,40.6
32,3153556582,121,-123.65,-1.0219,0.2768,0.270,,,
32,53141735,121,-199.93,-1.6523,0.9178,0.270,,,
32,53254289,121,-50.95,-0.4211,0.2261,0.270,,,
32,7953710843,121,-19.60,-0.1620,0.0212,0.270,,,
32,cluster_10209828640_53148675,121,-119.60,-0.9884,0.2547,0.270,,,
32,cluster_1804700800_53129739,121,-134.12,-1.1084,0.2955,0.270,,,
32,cluster_3648303878_5019372006_7625804229_7625804230,121,-221.11,-1.8274,0.5335,0.270,,,
32,cluster_4245960164_4245960168_4245960171,121,-21.40,-0.1769,0.2475,0.270,,,
32,cluster_5019371995_53129841,121,-81.30,-0.6719,0.2349,0.270,,,
32,cluster_5019372000_53129844,121,-119.27,-0.9857,0.1557,0.270,,,
32,cluster_5019372003_53129846,121,-209.33,-1.7300,0.2339,0.270,,,
32,joinedS_7013287371_cluster_1804700801_53030309_7625804249_7625804251,121,-300.66,-2.4848,0.7231,0.270,,,
32,__network__,121,-1600.93,-13.2308,,0.270,1654,19897.84,40.7
33,3153556582,121,-151.45,-1.2517,0.2798,0.248,,,
33,53141735,121,-223.57,-1.8477,0.9252,0.248,,,
33,53254289,121,-46.90,-0.3876,0.2316,0.248,,,
33,7953710843,121,-18.90,-0.1562,0.0187,0.248,,,
33,cluster_10209828640_53148675,121,-181.72,-1.5019,0.2704,0.248,,,
33,cluster_1804700800_53129739,121,-132.57,-1.0956,0.2665,0.248,,,
33,cluster_3648303878_5019372006_7625804229_7625804230,121,-187.21,-1.5472,0.5099,0.248,,,
33,cluster_4245960164_4245960168_4245960171,121,-24.20,-0.2000,0.2459,0.248,,,
33,cluster_5019371995_53129841,121,-139.42,-1.1522,0.2409,0.248,,,
33,cluster_5019372000_53129844,121,-93.93,-0.7763,0.1528,0.248,,,
33,cluster_5019372003_53129846,121,-185.16,-1.5302,0.2435,0.248,,,
33,joinedS_7013287371_cluster_1804700801_53030309_7625804249_7625804251,121,-302.87,-2.5031,0.7339,0.248,,,
33,__network__,121,-1687.89,-13.9495,,0.248,1601,23743.88,41.1
34,3153556582,121,-120.22,-0.9936,0.2841,0.225,,,
34,53141735,121,-191.27,-1.5807,0.9496,0.225,,,
34,53254289,121,-46.35,-0.3831,0.2397,0.225,,,
34,7953710843,121,-32.20,-0.2661,0.0224,0.225,,,
34,cluster_10209828640_53148675,121,-106.88,-0.8833,0.2822,0.225,,,
34,cluster_1804700800_53129739,121,-135.57,-1.1204,0.3146,0.225,,,
34,cluster_3648303878_5019372006_7625804229_7625804230,121,-248.45,-2.0533,0.5931,0.225,,,
34,cluster_4245960164_4245960168_4245960171,121,-44.40,-0.3669,0.2515,0.225,,,
34,cluster_5019371995_53129841,121,-120.18,-0.9933,0.2729,0.225,,,
34,cluster_5019372000_53129844,121,-88.04,-0.7276,0.1637,0.225,,,
34,cluster_5019372003_53129846,121,-210.40,-1.7388,0.2932,0.225,,,
34,joinedS_7013287371_cluster_1804700801_53030309_7625804249_7625804251,121,-286.27,-2.3658,0.7461,0.225,,,
34,__network__,121,-1630.23,-13.4729,,0.225,1727,21761.22,40.8
35,3153556582,121,-96.07,-0.7940,0.2861,0.202,,,
35,53141735,121,-182.03,-1.5044,1.0630,0.202,,,
35,53254289,121,-49.30,-0.4074,0.2403,0.202,,,
35,7953710843,121,-16.30,-0.1347,0.0215,0.202,,,
35,cluster_10209828640_53148675,121,-48.23,-0.3986,0.3203,0.202,,,
35,cluster_1804700800_53129739,121,-266.70,-2.2041,0.3192,0.202,,,
35,cluster_3648303878_5019372006_7625804229_7625804230,121,-133.06,-1.0997,0.5968,0.202,,,
35,cluster_4245960164_4245960168_4245960171,121,-29.00,-0.2397,0.2554,0.202,,,
35,cluster_5019371995_53129841,121,-77.47,-0.6402,0.2610,0.202,,,
35,cluster_5019372000_53129844,121,-93.31,-0.7712,0.1580,0.202,,,
35,cluster_5019372003_53129846,121,-136.54,-1.1285,0.2847,0.202,,,
35,joinedS_7013287371_cluster_1804700801_53030309_7625804249_7625804251,121,-604.98,-4.9998,0.7505,0.202,,,
35,__network__,121,-1733.00,-14.3223,,0.202,1075,61841.24,41.4
36,3153556582,121,-131.12,-1.0837,0.2973,0.179,,,
36,53141735,121,-175.87,-1.4534,1.0436,0.179,,,
36,53254289,121,-43.25,-0.3574,0.2530,0.179,,,
36,7953710843,121,-16.00,-0.1322,0.0223,0.179,,,
36,cluster_10209828640_53148675,121,-49.90,-0.4124,0.3017,0.179,,,
36,cluster_1804700800_53129739,121,-132.13,-1.0920,0.2977,0.179,,,
36,cluster_3648303878_5019372006_7625804229_7625804230,121,-227.85,-1.8831,0.5666,0.179,,,
36,cluster_4245960164_4245960168_4245960171,121,-32.00,-0.2645,0.2471,0.179,,,
36,cluster_5019371995_53129841,121,-84.30,-0.6967,0.2629,0.179,,,
36,cluster_5019372000_53129844,121,-73.86,-0.6104,0.1694,0.179,,,
36,cluster_5019372003_53129846,121,-164.56,-1.3600,0.2759,0.179,,,
36,joinedS_7013287371_cluster_1804700801_53030309_7625804249_7625804251,121,-323.13,-2.6705,0.7686,0.179,,,
36,__network__,121,-1453.97,-12.0163,,0.179,1807,14929.37,40.6
37,3153556582,121,-111.45,-0.9211,0.2792,0.156,,,
37,53141735,121,-204.67,-1.6915,0.9308,0.156,,,
37,53254289,121,-46.15,-0.3814,0.2190,0.156,,,
37,7953710843,121,-17.70,-0.1463,0.0213,0.156,,,
37,cluster_10209828640_53148675,121,-30.23,-0.2498,0.3090,0.156,,,
37,cluster_1804700800_53129739,121,-154.84,-1.2797,0.2943,0.156,,,
37,cluster_3648303878_5019372006_7625804229_7625804230,121,-167.51,-1.3844,0.5527,0.156,,,
37,cluster_4245960164_4245960168_4245960171,121,-16.20,-0.1339,0.2567,0.156,,,
37,cluster_5019371995_53129841,121,-82.93,-0.6854,0.2546,0.156,,,
37,cluster_5019372000_53129844,121,-84.43,-0.6978,0.1625,0.156,,,
37,cluster_5019372003_53129846,121,-170.79,-1.4115,0.2949,0.156,,,
37,joinedS_7013287371_cluster_1804700801_53030309_7625804249_7625804251,121,-378.56,-3.1286,0.7060,0.156,,,
37,__network__,121,-1465.46,-12.1112,,0.156,1623,19942.89,41.0
38,3153556582,121,-135.65,-1.1211,0.2970,0.134,,,
38,53141735,121,-239.43,-1.9788,1.0410,0.134,,,
38,53254289,121,-45.90,-0.3793,0.2297,0.134,,,
38,7953710843,121,-15.90,-0.1314,0.0213,0.134,,,
38,cluster_10209828640_53148675,121,-87.60,-0.7240,0.3124,0.134,,,
38,cluster_1804700800_53129739,121,-133.56,-1.1038,0.3659,0.134,,,
38,cluster_3648303878_5019372006_7625804229_7625804230,121,-177.87,-1.4700,0.5981,0.134,,,
38,cluster_4245960164_4245960168_4245960171,121,-32.40,-0.2678,0.2606,0.134,,,
38,cluster_5019371995_53129841,121,-120.23,-0.9937,0.2552,0.134,,,
38,cluster_5019372000_53129844,121,-82.93,-0.6854,0.1490,0.134,,,
38,cluster_5019372003_53129846,121,-230.80,-1.9074,0.3240,0.134,,,
38,joinedS_7013287371_cluster_1804700801_53030309_7625804249_7625804251,121,-297.29,-2.4569,0.7856,0.134,,,
38,__network__,121,-1599.57,-13.2196,,0.134,1717,21889.15,40.9
39,3153556582,121,-57.63,-0.4762,0.3010,0.111,,,
39,53141735,121,-165.10,-1.3645,1.0867,0.111,,,
39,53254289,121,-46.50,-0.3843,0.2471,0.111,,,
39,7953710843,121,-17.70,-0.1463,0.0215,0.111,,,
39,cluster_10209828640_53148675,121,-24.70,-0.2041,0.3521,0.111,,,
39,cluster_1804700800_53129739,121,-267.68,-2.2122,0.3331,0.111,,,
39,cluster_3648303878_5019372006_7625804229_7625804230,121,-132.95,-1.0988,0.6533,0.111,,,
39,cluster_4245960164_4245960168_4245960171,121,-26.00,-0.2149,0.2645,0.111,,,
39,cluster_5019371995_53129841,121,-77.35,-0.6393,0.2635,0.111,,,
39,cluster_5019372000_53129844,121,-115.76,-0.9567,0.1776,0.111,,,
39,cluster_5019372003_53129846,121,-156.76,-1.2955,0.2937,0.111,,,
39,joinedS_7013287371_cluster_1804700801_53030309_7625804249_7625804251,121,-646.11,-5.3398,0.8067,0.111,,,
39,__network__,121,-1734.23,-14.3325,,0.111,1095,71898.35,42.0
40,3153556582,121,-100.92,-0.8341,0.2857,0.088,,,
40,53141735,121,-219.50,-1.8140,1.0708,0.088,,,
40,53254289,121,-40.20,-0.3322,0.2213,0.088,,,
40,7953710843,121,-20.00,-0.1653,0.0212,0.088,,,
40,cluster_10209828640_53148675,121,-24.93,-0.2060,0.3416,0.088,,,
40,cluster_1804700800_53129739,121,-286.42,-2.3671,0.3370,0.088,,,
40,cluster_3648303878_5019372006_7625804229_7625804230,121,-131.40,-1.0860,0.6267,0.088,,,
40,cluster_4245960164_4245960168_4245960171,121,-45.20,-0.3736,0.2542,0.088,,,
40,cluster_5019371995_53129841,121,-64.10,-0.5298,0.2501,0.088,,,
40,cluster_5019372000_53129844,121,-88.97,-0.7353,0.1636,0.088,,,
40,cluster_5019372003_53129846,121,-135.89,-1.1230,0.3368,0.088,,,
40,joinedS_7013287371_cluster_1804700801_53030309_7625804249_7625804251,121,-685.92,-5.6688,0.8736,0.088,,,
40,__network__,121,-1843.45,-15.2351,,0.088,988,74616.22,41.8
41,3153556582,121,-138.02,-1.1407,0.2807,0.065,,,
41,53141735,121,-228.27,-1.8865,0.9857,0.065,,,
41,53254289,121,-49.05,-0.4054,0.2707,0.065,,,
41,7953710843,121,-15.30,-0.1264,0.0201,0.065,,,
41,cluster_10209828640_53148675,121,-81.75,-0.6756,0.3387,0.065,,,
41,cluster_1804700800_53129739,121,-133.27,-1.1014,0.3517,0.065,,,
41,cluster_3648303878_5019372006_7625804229_7625804230,121,-205.79,-1.7007,0.6042,0.065,,,
41,cluster_4245960164_4245960168_4245960171,121,-20.60,-0.1702,0.2606,0.065,,,
41,cluster_5019371995_53129841,121,-85.28,-0.7048,0.2639,0.065,,,
41,cluster_5019372000_53129844,121,-81.03,-0.6697,0.1595,0.065,,,
41,cluster_5019372003_53129846,121,-228.04,-1.8847,0.2920,0.065,,,
41,joinedS_7013287371_cluster_1804700801_53030309_7625804249_7625804251,121,-276.16,-2.2823,0.8242,0.065,,,
41,__network__,121,-1542.56,-12.7484,,0.065,1661,24287.76,41.1
42,3153556582,121,-132.47,-1.0948,0.2815,0.050,,,
42,53141735,121,-231.37,-1.9121,1.1198,0.050,,,
42,53254289,121,-45.25,-0.3740,0.2366,0.050,,,
42,7953710843,121,-18.90,-0.1562,0.0209,0.050,,,
42,cluster_10209828640_53148675,121,-130.00,-1.0744,0.3280,0.050,,,
42,cluster_1804700800_53129739,121,-129.58,-1.0709,0.3621,0.050,,,
42,cluster_3648303878_5019372006_7625804229_7625804230,121,-159.67,-1.3196,0.6648,0.050,,,
42,cluster_4245960164_4245960168_4245960171,121,-21.20,-0.1752,0.2534,0.050,,,
42,cluster_5019371995_53129841,121,-86.77,-0.7171,0.2341,0.050,,,
42,cluster_5019372000_53129844,121,-74.10,-0.6124,0.1607,0.050,,,
42,cluster_5019372003_53129846,121,-192.59,-1.5916,0.3402,0.050,,,
42,joinedS_7013287371_cluster_1804700801_53030309_7625804249_7625804251,121,-270.14,-2.2325,0.8888,0.050,,,
42,__network__,121,-1492.03,-12.3309,,0.050,1769,19920.32,40.7
43,3153556582,121,-147.07,-1.2155,0.2978,0.050,,,
43,53141735,121,-159.47,-1.3179,1.1294,0.050,,,
43,53254289,121,-48.20,-0.3983,0.2441,0.050,,,
43,7953710843,121,-18.70,-0.1545,0.0257,0.050,,,
43,cluster_10209828640_53148675,121,-138.08,-1.1411,0.3628,0.050,,,
43,cluster_1804700800_53129739,121,-132.88,-1.0982,0.3487,0.050,,,
43,cluster_3648303878_5019372006_7625804229_7625804230,121,-237.56,-1.9633,0.7083,0.050,,,
43,cluster_4245960164_4245960168_4245960171,121,-50.80,-0.4198,0.2767,0.050,,,
43,cluster_5019371995_53129841,121,-96.95,-0.8012,0.2503,0.050,,,
43,cluster_5019372000_53129844,121,-76.14,-0.6293,0.1653,0.050,,,
43,cluster_5019372003_53129846,121,-173.07,-1.4303,0.3178,0.050,,,
43,joinedS_7013287371_cluster_1804700801_53030309_7625804249_7625804251,121,-229.30,-1.8950,0.9107,0.050,,,
43,__network__,121,-1508.22,-12.4646,,0.050,1719,21407.49,41.0
44,3153556582,121,-133.20,-1.1008,0.3046,0.050,,,
44,53141735,121,-149.83,-1.2383,1.1072,0.050,,,
44,53254289,121,-41.85,-0.3459,0.2500,0.050,,,
44,7953710843,121,-16.10,-0.1331,0.0235,0.050,,,
44,cluster_10209828640_53148675,121,-55.10,-0.4554,0.3372,0.050,,,
44,cluster_1804700800_53129739,121,-131.24,-1.0847,0.3215,0.050,,,
44,cluster_3648303878_5019372006_7625804229_7625804230,121,-163.59,-1.3520,0.6596,0.050,,,
44,cluster_4245960164_4245960168_4245960171,121,-23.80,-0.1967,0.2720,0.050,,,
44,cluster_5019371995_53129841,121,-104.37,-0.8625,0.2517,0.050,,,
44,cluster_5019372000_53129844,121,-74.01,-0.6117,0.1561,0.050,,,
44,cluster_5019372003_53129846,121,-128.91,-1.0654,0.3730,0.050,,,
44,joinedS_7013287371_cluster_1804700801_53030309_7625804249_7625804251,121,-408.40,-3.3752,0.8677,0.050,,,
44,__network__,121,-1430.41,-11.8215,,0.050,1733,14834.22,40.4
45,3153556582,121,-129.97,-1.0742,0.3063,0.050,,,
45,53141735,121,-266.83,-2.2052,1.1076,0.050,,,
45,53254289,121,-50.85,-0.4202,0.2579,0.050,,,
45,7953710843,121,-17.70,-0.1463,0.0211,0.050,,,
45,cluster_10209828640_53148675,121,-46.00,-0.3802,0.3438,0.050,,,
45,cluster_1804700800_53129739,121,-121.29,-1.0024,0.3432,0.050,,,
45,cluster_3648303878_5019372006_7625804229_7625804230,121,-233.94,-1.9334,0.6997,0.050,,,
45,cluster_4245960164_4245960168_4245960171,121,-60.60,-0.5008,0.2733,0.050,,,
45,cluster_5019371995_53129841,121,-72.62,-0.6001,0.2818,0.050,,,
45,cluster_5019372000_53129844,121,-82.59,-0.6825,0.1547,0.050,,,
45,cluster_5019372003_53129846,121,-202.16,-1.6707,0.3070,0.050,,,
45,joinedS_7013287371_cluster_1804700801_53030309_7625804249_7625804251,121,-312.66,-2.5840,0.8624,0.050,,,
45,__network__,121,-1597.21,-13.2001,,0.050,1718,23029.52,41.0
46,3153556582,121,-112.57,-0.9304,0.2769,0.050,,,
46,53141735,121,-135.37,-1.1187,1.1571,0.050,,,
46,53254289,121,-54.55,-0.4508,0.2704,0.050,,,
46,7953710843,121,-18.40,-0.1521,0.0225,0.050,,,
46,cluster_10209828640_53148675,121,-42.40,-0.3504,0.3626,0.050,,,
46,cluster_1804700800_53129739,121,-120.44,-0.9954,0.3442,0.050,,,
46,cluster_3648303878_5019372006_7625804229_7625804230,121,-187.67,-1.5510,0.6247,0.050,,,
46,cluster_4245960164_4245960168_4245960171,121,-30.80,-0.2545,0.2718,0.050,,,
46,cluster_5019371995_53129841,121,-72.45,-0.5988,0.2782,0.050,,,
46,cluster_5019372000_53129844,121,-73.36,-0.6063,0.1528,0.050,,,
46,cluster_5019372003_53129846,121,-218.69,-1.8073,0.3303,0.050,,,
46,joinedS_7013287371_cluster_1804700801_53030309_7625804249_7625804251,121,-284.55,-2.3516,0.8775,0.050,,,
46,__network__,121,-1351.25,-11.1674,,0.050,1762,18848.94,40.7
47,3153556582,121,-103.60,-0.8562,0.2985,0.050,,,
47,53141735,121,-233.90,-1.9331,1.3789,0.050,,,
47,53254289,121,-47.50,-0.3926,0.2821,0.050,,,
47,7953710843,121,-16.90,-0.1397,0.0225,0.050,,,
47,cluster_10209828640_53148675,121,-75.80,-0.6264,0.3845,0.050,,,
47,cluster_1804700800_53129739,121,-130.09,-1.0751,0.4157,0.050,,,
47,cluster_3648303878_5019372006_7625804229_7625804230,121,-184.85,-1.5277,0.7838,0.050,,,
47,cluster_4245960164_4245960168_4245960171,121,-31.80,-0.2628,0.2986,0.050,,,
47,cluster_5019371995_53129841,121,-69.62,-0.5753,0.2614,0.050,,,
47,cluster_5019372000_53129844,121,-88.71,-0.7332,0.1675,0.050,,,
47,cluster_5019372003_53129846,121,-192.84,-1.5937,0.3640,0.050,,,
47,joinedS_7013287371_cluster_1804700801_53030309_7625804249_7625804251,121,-250.71,-2.0720,0.9290,0.050,,,
47,__network__,121,-1426.33,-11.7878,,0.050,1797,18941.51,40.7
48,3153556582,121,-126.47,-1.0452,0.2959,0.050,,,
48,53141735,121,-99.43,-0.8218,1.2430,0.050,,,
48,53254289,121,-39.15,-0.3236,0.2717,0.050,,,
48,7953710843,121,-15.30,-0.1264,0.0238,0.050,,,
48,cluster_10209828640_53148675,121,-39.53,-0.3267,0.3948,0.050,,,
48,cluster_1804700800_53129739,121,-113.16,-0.9352,0.3739,0.050,,,
48,cluster_3648303878_5019372006_7625804229_7625804230,121,-209.77,-1.7337,0.7202,0.050,,,
48,cluster_4245960164_4245960168_4245960171,121,-40.00,-0.3306,0.2814,0.050,,,
48,cluster_5019371995_53129841,121,-73.25,-0.6054,0.2677,0.050,,,
48,cluster_5019372000_53129844,121,-94.29,-0.7792,0.1680,0.050,,,
48,cluster_5019372003_53129846,121,-167.33,-1.3829,0.3659,0.050,,,
48,joinedS_7013287371_cluster_1804700801_53030309_7625804249_7625804251,121,-273.11,-2.2571,0.9217,0.050,,,
48,__network__,121,-1290.79,-10.6677,,0.050,1851,12264.54,40.3
49,3153556582,121,-131.30,-1.0851,0.2872,0.050,,,
49,53141735,121,-246.87,-2.0402,1.2312,0.050,,,
49,53254289,121,-40.55,-0.3351,0.2564,0.050,,,
49,7953710843,121,-17.40,-0.1438,0.0243,0.050,,,
49,cluster_10209828640_53148675,121,-32.38,-0.2676,0.3735,0.050,,,
49,cluster_1804700800_53129739,121,-124.79,-1.0313,0.3401,0.050,,,
49,cluster_3648303878_5019372006_7625804229_7625804230,121,-215.55,-1.7814,0.7664,0.050,,,
49,cluster_4245960164_4245960168_4245960171,121,-36.40,-0.3008,0.2966,0.050,,,
49,cluster_5019371995_53129841,121,-75.15,-0.6211,0.2524,0.050,,,
49,cluster_5019372000_53129844,121,-82.03,-0.6779,0.1626,0.050,,,
49,cluster_5019372003_53129846,121,-193.13,-1.5961,0.3990,0.050,,,
49,joinedS_7013287371_cluster_1804700801_53030309_7625804249_7625804251,121,-266.55,-2.2029,0.8900,0.050,,,
49,__network__,121,-1462.09,-12.0834,,0.050,1790,21168.74,40.8
50,3153556582,121,-131.52,-1.0870,0.2791,0.050,,,
50,53141735,121,-248.57,-2.0543,1.1150,0.050,,,
50,53254289,121,-45.65,-0.3773,0.2587,0.050,,,
50,7953710843,121,-17.30,-0.1430,0.0222,0.050,,,
50,cluster_10209828640_53148675,121,-92.07,-0.7610,0.3619,0.050,,,
50,cluster_1804700800_53129739,121,-128.68,-1.0635,0.3403,0.050,,,
50,cluster_3648303878_5019372006_7625804229_7625804230,121,-230.32,-1.9035,0.6789,0.050,,,
50,cluster_4245960164_4245960168_4245960171,121,-29.00,-0.2397,0.3007,0.050,,,
50,cluster_5019371995_53129841,121,-82.53,-0.6821,0.2639,0.050,,,
50,cluster_5019372000_53129844,121,-91.70,-0.7579,0.1488,0.050,,,
50,cluster_5019372003_53129846,121,-237.33,-1.9614,0.3597,0.050,,,
50,joinedS_7013287371_cluster_1804700801_53030309_7625804249_7625804251,121,-301.76,-2.4939,0.8780,0.050,,,
50,__network__,121,-1636.44,-13.5243,,0.050,1786,21495.80,41.0
51,3153556582,121,-91.35,-0.7550,0.2981,0.050,,,
51,53141735,121,-265.93,-2.1978,1.3089,0.050,,,
51,53254289,121,-47.25,-0.3905,0.2927,0.050,,,
51,7953710843,121,-16.80,-0.1388,0.0237,0.050,,,
51,cluster_10209828640_53148675,121,-72.20,-0.5967,0.4105,0.050,,,
51,cluster_1804700800_53129739,121,-274.46,-2.2682,0.4018,0.050,,,
51,cluster_3648303878_5019372006_7625804229_7625804230,121,-122.90,-1.0157,0.8288,0.050,,,
51,cluster_4245960164_4245960168_4245960171,121,-32.80,-0.2711,0.2862,0.050,,,
51,cluster_5019371995_53129841,121,-71.52,-0.5910,0.2755,0.050,,,
51,cluster_5019372000_53129844,121,-67.16,-0.5550,0.1720,0.050,,,
51,cluster_5019372003_53129846,121,-156.77,-1.2956,0.4105,0.050,,,
51,joinedS_7013287371_cluster_1804700801_53030309_7625804249_7625804251,121,-670.62,-5.5423,0.9986,0.050,,,
51,__network__,121,-1889.76,-15.6178,,0.050,921,82686.39,41.7
52,3153556582,121,-165.82,-1.3705,0.2920,0.050,,,
52,53141735,121,-179.97,-1.4873,1.3852,0.050,,,
52,53254289,121,-43.10,-0.3562,0.2764,0.050,,,
52,7953710843,121,-16.10,-0.1331,0.0256,0.050,,,
52,cluster_10209828640_53148675,121,-47.70,-0.3942,0.3986,0.050,,,
52,cluster_1804700800_53129739,121,-125.13,-1.0342,0.3567,0.050,,,
52,cluster_3648303878_5019372006_7625804229_7625804230,121,-176.93,-1.4622,0.8217,0.050,,,
52,cluster_4245960164_4245960168_4245960171,121,-37.00,-0.3058,0.2856,0.050,,,
52,cluster_5019371995_53129841,121,-101.62,-0.8398,0.2745,0.050,,,
52,cluster_5019372000_53129844,121,-79.26,-0.6550,0.1643,0.050,,,
52,cluster_5019372003_53129846,121,-186.66,-1.5426,0.4042,0.050,,,
52,joinedS_7013287371_cluster_1804700801_53030309_7625804249_7625804251,121,-258.25,-2.1343,0.9143,0.050,,,
52,__network__,121,-1417.53,-11.7152,,0.050,1801,18841.64,40.6
53,3153556582,122,-132.75,-1.0881,0.3105,0.050,,,
53,53141735,122,-252.27,-2.0678,1.3796,0.050,,,
53,53254289,122,-49.25,-0.4037,0.2804,0.050,,,
53,7953710843,122,-19.40,-0.1590,0.0250,0.050,,,
53,cluster_10209828640_53148675,122,-25.85,-0.2119,0.4043,0.050,,,
53,cluster_1804700800_53129739,122,-327.99,-2.6884,0.3853,0.050,,,
53,cluster_3648303878_5019372006_7625804229_7625804230,122,-102.29,-0.8384,0.7988,0.050,,,
53,cluster_4245960164_4245960168_4245960171,122,-29.60,-0.2426,0.2830,0.050,,,
53,cluster_5019371995_53129841,122,-49.48,-0.4056,0.2585,0.050,,,
53,cluster_5019372000_53129844,122,-69.94,-0.5733,0.1548,0.050,,,
53,cluster_5019372003_53129846,122,-153.66,-1.2595,0.4380,0.050,,,
53,joinedS_7013287371_cluster_1804700801_53030309_7625804249_7625804251,122,-735.95,-6.0324,0.9183,0.050,,,
53,__network__,122,-1948.43,-15.9707,,0.050,846,88396.62,41.7
54,3153556582,121,-113.27,-0.9362,0.2933,0.050,,,
54,53141735,121,-167.77,-1.3865,1.3132,0.050,,,
54,53254289,121,-44.35,-0.3665,0.2646,0.050,,,
54,7953710843,121,-17.30,-0.1430,0.0257,0.050,,,
54,cluster_10209828640_53148675,121,-41.95,-0.3467,0.3984,0.050,,,
54,cluster_1804700800_53129739,121,-117.26,-0.9691,0.3506,0.050,,,
54,cluster_3648303878_5019372006_7625804229_7625804230,121,-198.00,-1.6364,0.8252,0.050,,,
54,cluster_4245960164_4245960168_4245960171,121,-20.20,-0.1669,0.2750,0.050,,,
54,cluster_5019371995_53129841,121,-59.30,-0.4901,0.2450,0.050,,,
54,cluster_5019372000_53129844,121,-92.10,-0.7612,0.1636,0.050,,,
54,cluster_5019372003_53129846,121,-209.21,-1.7290,0.4172,0.050,,,
54,joinedS_7013287371_cluster_1804700801_53030309_7625804249_7625804251,121,-268.60,-2.2198,0.9344,0.050,,,
54,__network__,121,-1349.31,-11.1513,,0.050,1739,21323.00,40.9
55,3153556582,121,-105.97,-0.8758,0.3133,0.050,,,
55,53141735,121,-173.73,-1.4358,1.3843,0.050,,,
55,53254289,121,-39.35,-0.3252,0.2730,0.050,,,
55,7953710843,121,-15.50,-0.1281,0.0236,0.050,,,
55,cluster_10209828640_53148675,121,-108.82,-0.8994,0.4507,0.050,,,
55,cluster_1804700800_53129739,121,-119.44,-0.9871,0.3645,0.050,,,
55,cluster_3648303878_5019372006_7625804229_7625804230,121,-195.97,-1.6196,0.8607,0.050,,,
55,cluster_4245960164_4245960168_4245960171,121,-38.00,-0.3140,0.2908,0.050,,,
55,cluster_5019371995_53129841,121,-71.87,-0.5939,0.2536,0.050,,,
55,cluster_5019372000_53129844,121,-78.11,-0.6456,0.1626,0.050,,,
55,cluster_5019372003_53129846,121,-196.00,-1.6198,0.3772,0.050,,,
55,joinedS_7013287371_cluster_1804700801_53030309_7625804249_7625804251,121,-265.92,-2.1977,1.0483,0.050,,,
55,__network__,121,-1408.71,-11.6422,,0.050,1810,19199.54,40.6
56,3153556582,121,-154.10,-1.2736,0.3129,0.050,,,
56,53141735,121,-123.03,-1.0168,1.4245,0.050,,,
56,53254289,121,-43.45,-0.3591,0.2892,0.050,,,
56,7953710843,121,-17.90,-0.1479,0.0248,0.050,,,
56,cluster_10209828640_53148675,121,-76.00,-0.6281,0.4495,0.050,,,
56,cluster_1804700800_53129739,121,-123.90,-1.0240,0.3651,0.050,,,
56,cluster_3648303878_5019372006_7625804229_7625804230,121,-219.39,-1.8131,0.8401,0.050,,,
56,cluster_4245960164_4245960168_4245960171,121,-41.40,-0.3421,0.2841,0.050,,,
56,cluster_5019371995_53129841,121,-94.93,-0.7846,0.2470,0.050,,,
56,cluster_5019372000_53129844,121,-83.10,-0.6868,0.1678,0.050,,,
56,cluster_5019372003_53129846,121,-211.61,-1.7489,0.4246,0.050,,,
56,joinedS_7013287371_cluster_1804700801_53030309_7625804249_7625804251,121,-244.42,-2.0200,1.0342,0.050,,,
56,__network__,121,-1433.24,-11.8449,,0.050,1766,20808.52,41.3
57,3153556582,121,-139.60,-1.1537,0.3011,0.050,,,
57,53141735,121,-149.37,-1.2344,1.3749,0.050,,,
57,53254289,121,-42.10,-0.3479,0.2841,0.050,,,
57,7953710843,121,-15.10,-0.1248,0.0232,0.050,,,
57,cluster_10209828640_53148675,121,-102.77,-0.8494,0.4244,0.050,,,
57,cluster_1804700800_53129739,121,-122.28,-1.0106,0.3563,0.050,,,
57,cluster_3648303878_5019372006_7625804229_7625804230,121,-236.24,-1.9524,0.8412,0.050,,,
57,cluster_4245960164_4245960168_4245960171,121,-37.40,-0.3091,0.2968,0.050,,,
57,cluster_5019371995_53129841,121,-70.97,-0.5865,0.2516,0.050,,,
57,cluster_5019372000_53129844,121,-77.04,-0.6367,0.1641,0.050,,,
57,cluster_5019372003_53129846,121,-220.14,-1.8194,0.4399,0.050,,,
57,joinedS_7013287371_cluster_1804700801_53030309_7625804249_7625804251,121,-254.02,-2.0994,1.0229,0.050,,,
57,__network__,121,-1467.03,-12.1242,,0.050,1801,22868.54,40.9
58,3153556582,121,-148.55,-1.2277,0.3095,0.050,,,
58,53141735,121,-170.90,-1.4124,1.5192,0.050,,,
58,53254289,121,-46.50,-0.3843,0.2598,0.050,,,
58,7953710843,121,-16.70,-0.1380,0.0210,0.050,,,
58,cluster_10209828640_53148675,121,-76.67,-0.6337,0.4381,0.050,,,
58,cluster_1804700800_53129739,121,-123.46,-1.0203,0.3844,0.050,,,
58,cluster_3648303878_5019372006_7625804229_7625804230,121,-157.09,-1.2982,0.8396,0.050,,,
58,cluster_4245960164_4245960168_4245960171,121,-50.60,-0.4182,0.2904,0.050,,,
58,cluster_5019371995_53129841,121,-103.43,-0.8548,0.2556,0.050,,,
58,cluster_5019372000_53129844,121,-69.47,-0.5741,0.1561,0.050,,,
58,cluster_5019372003_53129846,121,-207.59,-1.7156,0.4255,0.050,,,
58,joinedS_7013287371_cluster_1804700801_53030309_7625804249_7625804251,121,-243.36,-2.0113,0.9474,0.050,,,
58,__network__,121,-1414.32,-11.6886,,0.050,1804,19957.96,40.7
59,3153556582,121,-78.80,-0.6512,0.3075,0.050,,,
59,53141735,121,-211.30,-1.7463,1.4336,0.050,,,
59,53254289,121,-40.15,-0.3318,0.2841,0.050,,,
59,7953710843,121,-18.60,-0.1537,0.0236,0.050,,,
59,cluster_10209828640_53148675,121,-65.68,-0.5428,0.4351,0.050,,,
59,cluster_1804700800_53129739,121,-124.36,-1.0277,0.3901,0.050,,,
59,cluster_3648303878_5019372006_7625804229_7625804230,121,-104.92,-0.8671,0.8741,0.050,,,
59,cluster_4245960164_4245960168_4245960171,121,-23.00,-0.1901,0.2872,0.050,,,
59,cluster_5019371995_53129841,121,-69.35,-0.5731,0.2669,0.050,,,
59,cluster_5019372000_53129844,121,-76.51,-0.6323,0.1653,0.050,,,
59,cluster_5019372003_53129846,121,-168.63,-1.3936,0.4507,0.050,,,
59,joinedS_7013287371_cluster_1804700801_53030309_7625804249_7625804251,121,-391.49,-3.2354,1.1072,0.050,,,
59,__network__,121,-1372.78,-11.3453,,0.050,1714,17705.44,41.0
60,3153556582,121,-106.50,-0.8802,0.3108,0.050,,,
60,53141735,121,-64.90,-0.5364,1.3630,0.050,,,
60,53254289,121,-41.30,-0.3413,0.3086,0.050,,,
60,7953710843,121,-16.30,-0.1347,0.0235,0.050,,,
60,cluster_10209828640_53148675,121,-66.68,-0.5510,0.4549,0.050,,,
60,cluster_1804700800_53129739,121,-185.46,-1.5327,0.3990,0.050,,,
60,cluster_3648303878_5019372006_7625804229_7625804230,121,-159.29,-1.3164,0.9241,0.050,,,
60,cluster_4245960164_4245960168_4245960171,121,-37.00,-0.3058,0.2844,0.050,,,
60,cluster_5019371995_53129841,121,-86.57,-0.7154,0.2517,0.050,,,
60,cluster_5019372000_53129844,121,-109.76,-0.9071,0.1570,0.050,,,
60,cluster_5019372003_53129846,121,-142.56,-1.1782,0.4810,0.050,,,
60,joinedS_7013287371_cluster_1804700801_53030309_7625804249_7625804251,121,-421.34,-3.4821,1.0758,0.050,,,
60,__network__,121,-1437.64,-11.8813,,0.050,1689,18109.01,40.9
